id,first_name,last_name,email,gender,phone
1,Nehemiah,Linzee,nlinzee0@msu.edu,Male,+63 675 810 2708
2,Beauregard,McPhail,bmcphail1@toplist.cz,Male,+86 900 861 1985
3,Elias,Gian,egian2@wunderground.com,Male,+380 814 340 7404
4,Kendre,Ambage,kambage3@cam.ac.uk,Female,+62 778 573 4310
5,Allyn,Cordero,acordero4@blogs.com,Male,+351 821 436 5185
6,Trix,Mcwhinnie,tmcwhinnie5@amazon.de,Female,+351 627 262 5306
7,Hildegarde,Aldhouse,haldhouse6@nationalgeographic.com,Female,+63 740 222 4534
8,Jacquie,Fairfoull,jfairfoull7@theatlantic.com,Female,+86 108 949 2094
9,Nick,Hordell,nhordell8@netscape.com,Male,+351 574 248 9841
10,Rustie,Lineen,rlineen9@acquirethisname.com,Male,+36 452 750 6467
11,Onida,Brum,obruma@theatlantic.com,Female,+7 637 934 1506
12,Gage,Deller,gdellerb@fotki.com,Male,+212 599 254 9954
13,Rollie,Peinke,rpeinkec@creativecommons.org,Male,+98 498 222 5874
14,Rudy,Borrington,rborringtond@usgs.gov,Male,+63 154 489 2500
15,Nani,Vaudin,nvaudine@pcworld.com,Female,+94 255 899 7745
16,Lanie,Swinnerton,lswinnertonf@hhs.gov,Male,+30 652 333 9199
17,Bennie,Brasted,bbrastedg@prnewswire.com,Female,+420 201 654 6560
18,Meriel,Mulqueen,mmulqueenh@gmpg.org,Female,+380 288 885 6544
19,Letty,Alkins,lalkinsi@nbcnews.com,Female,+86 580 701 3620
20,Rafaellle,Spikeings,rspikeingsj@mozilla.com,Male,+66 324 680 3384
21,Micki,Driffield,mdriffieldk@miibeian.gov.cn,Female,+66 388 244 9322
22,Lorain,Halligan,lhalliganl@privacy.gov.au,Female,+62 421 252 9856
23,Kippy,Franzonetti,kfranzonettim@cnn.com,Female,+62 546 645 5680
24,Rafaellle,Pepperrall,rpepperralln@ft.com,Male,+7 663 479 0510
25,Ailbert,Oldman,aoldmano@cocolog-nifty.com,Male,+33 632 199 7556
26,Veradis,Scorrer,vscorrerp@yellowbook.com,Female,+30 337 273 6441
27,Dougy,Brussels,dbrusselsq@gizmodo.com,Male,+1 202 265 0642
28,Hakim,Emett,hemettr@adobe.com,Male,+86 424 244 0200
29,Bekki,Zanolli,bzanollis@unesco.org,Female,+976 197 388 7001
30,Emerson,Braganza,ebraganzat@gravatar.com,Male,+62 907 932 9974
31,Erin,Sivil,esivilu@google.es,Female,+48 867 331 0331
32,Miles,Dobble,mdobblev@psu.edu,Male,+63 933 247 2364
33,Tessy,Petr,tpetrw@shutterfly.com,Female,+62 641 580 0794
34,Ozzy,Zaple,ozaplex@cafepress.com,Male,+63 228 500 4431
35,Uriah,Ashard,uashardy@sfgate.com,Male,+62 665 976 2723
36,Catharine,Delnevo,cdelnevoz@nhs.uk,Female,+86 981 593 9728
37,Xavier,Banyard,xbanyard10@cdc.gov,Male,+52 100 715 8210
38,Trstram,Balaam,tbalaam11@eepurl.com,Male,+1 973 795 4256
39,Ruddie,Bounde,rbounde12@ted.com,Male,+86 888 295 7733
40,Dela,Austick,daustick13@merriam-webster.com,Female,+375 871 934 1927
41,Joachim,Frodsam,jfrodsam14@army.mil,Male,+27 715 410 1478
42,Brigida,Zincke,bzincke15@webmd.com,Female,+62 652 226 6454
43,Yvette,Scimoni,yscimoni16@webeden.co.uk,Female,+963 522 808 6644
44,Fabe,Blackway,fblackway17@nba.com,Male,+62 462 553 9018
45,Sidney,Cadany,scadany18@multiply.com,Male,+55 863 520 3018
46,Domeniga,Swainson,dswainson19@wikipedia.org,Female,+86 366 869 7161
47,Cherlyn,Binnie,cbinnie1a@nydailynews.com,Female,+357 717 241 5747
48,Erwin,Ciciari,eciciari1b@jugem.jp,Male,+86 273 570 1814
49,Kendra,Dennis,kdennis1c@forbes.com,Female,+31 606 712 1880
50,Eward,Lawley,elawley1d@seesaa.net,Male,+7 340 419 7758
51,Vere,Lashbrook,vlashbrook1e@nasa.gov,Female,+55 208 708 7707
52,Ludovika,Harmond,lharmond1f@reference.com,Female,+86 771 903 1041
53,Marieann,Winwood,mwinwood1g@newsvine.com,Female,+53 598 820 6277
54,Kathe,Worham,kworham1h@ucoz.com,Female,+62 724 502 0866
55,Truman,Meric,tmeric1i@un.org,Male,+58 472 829 0751
56,Lucho,Josovitz,ljosovitz1j@dell.com,Male,+86 796 947 1716
57,Gerard,Darrington,gdarrington1k@youtu.be,Male,+86 874 883 5396
58,Nari,Marc,nmarc1l@smh.com.au,Female,+226 155 807 1430
59,Tuckie,McInnerny,tmcinnerny1m@51.la,Male,+420 817 596 7866
60,Reyna,Rodgers,rrodgers1n@joomla.org,Female,+507 619 528 9462
61,Dulsea,Peerless,dpeerless1o@tiny.cc,Female,+380 446 738 9234
62,Edwin,Le Strange,elestrange1p@bloglovin.com,Male,+55 815 735 6478
63,Rod,Cesco,rcesco1q@constantcontact.com,Male,+46 386 929 9078
64,Merle,Bythell,mbythell1r@huffingtonpost.com,Female,+62 351 574 9450
65,Nigel,Dorton,ndorton1s@epa.gov,Male,+351 927 306 4394
66,Virgina,Upston,vupston1t@hubpages.com,Female,+62 680 204 1442
67,Garrett,Twelvetree,gtwelvetree1u@diigo.com,Male,+253 815 628 7079
68,Priscella,Telfer,ptelfer1v@surveymonkey.com,Female,+52 176 609 9551
69,Georgie,Heiden,gheiden1w@tuttocitta.it,Male,+51 480 231 8626
70,Casey,Clarricoates,cclarricoates1x@theatlantic.com,Male,+7 448 840 5826
71,Janetta,Finby,jfinby1y@barnesandnoble.com,Female,+385 739 574 5979
72,Ransom,Limpenny,rlimpenny1z@amazonaws.com,Male,+233 647 745 5550
73,Mendy,Hundall,mhundall20@opera.com,Male,+86 962 841 0248
74,Ludovico,Lisamore,llisamore21@washington.edu,Male,+86 179 915 7902
75,Ronni,Bonn,rbonn22@gov.uk,Female,+46 957 683 7499
76,Hildegarde,Kneal,hkneal23@google.co.jp,Female,+86 531 102 7139
77,Kean,Taffurelli,ktaffurelli24@bbc.co.uk,Male,+33 951 759 8006
78,Shanta,Sayers,ssayers25@wix.com,Female,+7 781 239 8907
79,Auberon,Raunds,araunds26@posterous.com,Male,+86 580 212 4466
80,Arabelle,von Hagt,avonhagt27@sbwire.com,Female,+86 846 321 7890
81,Rossy,Dodman,rdodman28@yellowpages.com,Male,+62 109 909 0077
82,Mac,Janssen,mjanssen29@facebook.com,Male,+218 824 932 0432
83,Padgett,Innot,pinnot2a@reuters.com,Male,+389 524 345 0233
84,Odilia,Redler,oredler2b@homestead.com,Female,+62 679 629 5757
85,Gaye,Moppett,gmoppett2c@dailymotion.com,Female,+33 153 291 3506
86,Miquela,Traut,mtraut2d@skype.com,Female,+62 242 866 3242
87,Cecilia,Antunez,cantunez2e@sina.com.cn,Female,+351 963 603 6498
88,Ulick,Snare,usnare2f@narod.ru,Male,+374 358 626 1018
89,Annamaria,Maggiore,amaggiore2g@nhs.uk,Female,+62 555 616 0952
90,Elie,Skune,eskune2h@biblegateway.com,Female,+63 277 243 8413
91,Grenville,Mertel,gmertel2i@ed.gov,Male,+55 991 436 5005
92,Rhody,Steere,rsteere2j@nasa.gov,Female,+36 507 319 5683
93,Nap,Pehrsson,npehrsson2k@twitpic.com,Male,+7 434 736 8732
94,Sheffy,Ledgister,sledgister2l@apache.org,Male,+56 766 815 3533
95,Mychal,Willicott,mwillicott2m@ameblo.jp,Male,+86 409 514 3895
96,Colan,Kalkofer,ckalkofer2n@hostgator.com,Male,+52 508 697 5514
97,Rheba,Cudde,rcudde2o@ycombinator.com,Female,+33 326 636 0450
98,Alexi,Jandak,ajandak2p@globo.com,Female,+54 461 969 0929
99,Claudianus,Schutter,cschutter2q@oracle.com,Male,+86 737 430 6326
100,Akim,Alloway,aalloway2r@weebly.com,Male,+62 825 917 8948
101,Kimberley,Chance,kchance2s@zimbio.com,Female,+92 395 836 5445
102,Janeta,Osgodby,josgodby2t@google.pl,Female,+251 283 667 9870
103,Earlie,Eplett,eeplett2u@list-manage.com,Male,+39 399 803 2005
104,Raphaela,Ickowics,rickowics2v@unc.edu,Female,+967 736 329 9203
105,Wanids,Halahan,whalahan2w@wordpress.com,Female,+86 399 301 3809
106,Elvis,Sterke,esterke2x@theatlantic.com,Male,+389 565 931 6578
107,Nicoline,Riggoll,nriggoll2y@github.io,Female,+84 168 529 4448
108,Even,Chritchley,echritchley2z@clickbank.net,Male,+62 655 489 6849
109,Godwin,Cockney,gcockney30@washingtonpost.com,Male,+86 869 330 7447
110,Andriana,Wiffen,awiffen31@seattletimes.com,Female,+55 868 984 4785
111,Blondell,Comusso,bcomusso32@is.gd,Female,+86 278 673 1984
112,Luz,L' Estrange,llestrange33@quantcast.com,Female,+63 824 553 8002
113,Etti,Medlar,emedlar34@w3.org,Female,+54 528 381 2217
114,Jaquenetta,Kebbell,jkebbell35@fastcompany.com,Female,+55 676 882 7858
115,Aurthur,Lipman,alipman36@odnoklassniki.ru,Male,+380 944 845 8139
116,Bertha,Brewitt,bbrewitt37@oaic.gov.au,Female,+7 259 541 8809
117,Skipper,Beetham,sbeetham38@businessweek.com,Male,+7 362 177 7853
118,Corabel,Sharnock,csharnock39@hugedomains.com,Female,+46 923 756 5345
119,Nettie,Wearn,nwearn3a@adobe.com,Female,+33 250 460 3869
120,Benedicta,Dowding,bdowding3b@domainmarket.com,Female,+63 657 121 6191
121,Ramsay,Deners,rdeners3c@sfgate.com,Male,+507 222 627 0250
122,Dodi,Veld,dveld3d@mayoclinic.com,Female,+994 664 984 3867
123,Josh,McGauhy,jmcgauhy3e@usgs.gov,Male,+970 531 190 5813
124,Brunhilda,Flowerdew,bflowerdew3f@archive.org,Female,+86 106 317 4941
125,Merell,Sorbie,msorbie3g@hud.gov,Male,+359 825 785 1040
126,Valentine,Barnish,vbarnish3h@wikimedia.org,Male,+63 142 964 0354
127,Rosalynd,Orrin,rorrin3i@1und1.de,Female,+63 873 272 1046
128,Darcie,Brosch,dbrosch3j@nydailynews.com,Female,+1 586 581 9215
129,Davidde,Stimson,dstimson3k@a8.net,Male,+7 103 629 5132
130,Brietta,Fyall,bfyall3l@toplist.cz,Female,+63 178 253 1183
131,Latisha,Giovanardi,lgiovanardi3m@whitehouse.gov,Female,+84 725 444 1504
132,Heda,Matthieson,hmatthieson3n@economist.com,Female,+850 572 732 6489
133,Emelina,Juszczyk,ejuszczyk3o@howstuffworks.com,Female,+86 918 810 3257
134,Gerome,Marcam,gmarcam3p@parallels.com,Male,+62 728 888 8748
135,Christabel,Bails,cbails3q@wikipedia.org,Female,+7 978 986 3502
136,Hugh,Bougourd,hbougourd3r@xinhuanet.com,Male,+86 101 362 7970
137,Mala,Plumbley,mplumbley3s@cornell.edu,Female,+86 449 451 7008
138,Mortie,Elgie,melgie3t@ebay.co.uk,Male,+351 429 727 3015
139,Tremayne,Brammall,tbrammall3u@digg.com,Male,+1 866 536 7421
140,Eleonore,Goodding,egoodding3v@europa.eu,Female,+55 603 259 6041
141,Brooke,Kelf,bkelf3w@pagesperso-orange.fr,Male,+48 930 386 9918
142,Tatum,Rodell,trodell3x@va.gov,Female,+229 134 652 7334
143,Matthieu,Bythway,mbythway3y@yellowbook.com,Male,+86 836 652 3431
144,Clarence,Hulburd,chulburd3z@google.it,Male,+47 356 922 6701
145,Con,Duly,cduly40@phpbb.com,Female,+351 770 945 6589
146,Arlie,Keinrat,akeinrat41@google.it,Female,+7 701 204 8006
147,Rene,Kelemen,rkelemen42@biglobe.ne.jp,Male,+60 413 298 0281
148,Neely,Pipet,npipet43@wikipedia.org,Female,+46 965 105 4683
149,Elwood,Hadleigh,ehadleigh44@networksolutions.com,Male,+63 589 250 4195
150,Seline,Lawes,slawes45@army.mil,Female,+7 974 459 0917
151,Damon,Lapthorne,dlapthorne46@tamu.edu,Male,+48 295 869 1116
152,Berne,Oki,boki47@surveymonkey.com,Male,+261 257 771 6573
153,Cariotta,Stiggers,cstiggers48@nasa.gov,Female,+63 156 783 5208
154,Cyrille,Dutteridge,cdutteridge49@ezinearticles.com,Male,+212 584 879 9248
155,Stuart,Kinton,skinton4a@hubpages.com,Male,+385 585 255 9005
156,Anthia,Petteford,apetteford4b@t.co,Female,+54 451 989 1824
157,Romeo,Emanueli,remanueli4c@senate.gov,Male,+86 753 280 0354
158,Kit,de Cullip,kdecullip4d@ehow.com,Female,+269 910 627 5339
159,Eydie,Gladwish,egladwish4e@wordpress.com,Female,+1 762 656 2305
160,Staford,Tozer,stozer4f@ft.com,Male,+240 139 280 5597
161,Melli,Towe,mtowe4g@virginia.edu,Female,+261 397 326 3069
162,Marcellina,Sissot,msissot4h@google.es,Female,+353 424 612 6873
163,Sam,Studders,sstudders4i@examiner.com,Male,+385 461 234 2047
164,Tabbie,Reynoldson,treynoldson4j@japanpost.jp,Female,+86 122 736 4937
165,Max,Reidshaw,mreidshaw4k@w3.org,Female,+63 609 368 3206
166,Shepherd,Waldrum,swaldrum4l@uol.com.br,Male,+62 740 218 1811
167,Munroe,McGlue,mmcglue4m@wisc.edu,Male,+1 871 628 1431
168,Sayre,Mobbs,smobbs4n@jiathis.com,Female,+48 568 114 8486
169,Marvin,Filipson,mfilipson4o@technorati.com,Male,+7 339 429 9706
170,Corbett,Feye,cfeye4p@who.int,Male,+51 761 286 5432
171,Benoit,Semiraz,bsemiraz4q@indiatimes.com,Male,+62 927 455 9733
172,Langsdon,Creighton,lcreighton4r@ebay.com,Male,+62 966 600 0214
173,Devi,Cromly,dcromly4s@constantcontact.com,Female,+45 642 506 0616
174,Valle,Arch,varch4t@japanpost.jp,Male,+44 131 463 6523
175,Hillary,Hugenin,hhugenin4u@uiuc.edu,Female,+7 639 925 2407
176,Peta,Noyes,pnoyes4v@house.gov,Female,+86 349 238 7280
177,Lothario,McKevitt,lmckevitt4w@pagesperso-orange.fr,Male,+351 785 649 5103
178,Teriann,Cromie,tcromie4x@behance.net,Female,+66 116 419 3798
179,Vina,Faulconbridge,vfaulconbridge4y@51.la,Female,+61 779 282 2895
180,Gearard,Busfield,gbusfield4z@wikispaces.com,Male,+48 648 132 0873
181,Vachel,Sliman,vsliman50@unblog.fr,Male,+254 688 467 5506
182,Eva,Beecheno,ebeecheno51@cdbaby.com,Female,+62 705 999 8548
183,Tedd,Moreton,tmoreton52@nba.com,Male,+63 211 594 5435
184,Celisse,Dabel,cdabel53@de.vu,Female,+976 885 997 3771
185,Kipp,Snashall,ksnashall54@pcworld.com,Female,+62 289 756 1112
186,Shem,Ord,sord55@indiatimes.com,Male,+64 984 738 0590
187,Waring,Graber,wgraber56@wordpress.com,Male,+62 510 272 6943
188,Celina,Gillingwater,cgillingwater57@photobucket.com,Female,+974 381 723 9238
189,Grover,Trase,gtrase58@samsung.com,Male,+7 182 155 4143
190,Chet,Storror,cstorror59@angelfire.com,Male,+51 399 625 2184
191,Sibylla,Forgan,sforgan5a@tamu.edu,Female,+7 230 496 9688
192,Audra,Willoway,awilloway5b@smh.com.au,Female,+7 225 454 3672
193,Fremont,Elesander,felesander5c@gravatar.com,Male,+86 886 329 4665
194,Shaun,Keeler,skeeler5d@dagondesign.com,Female,+86 382 972 0637
195,Clemmy,Blakeney,cblakeney5e@youtu.be,Female,+48 216 925 2733
196,Dew,Elleray,delleray5f@hatena.ne.jp,Male,+351 118 515 3022
197,Saxon,Allenby,sallenby5g@oakley.com,Male,+225 430 242 6943
198,Catherin,Ryde,cryde5h@java.com,Female,+266 686 813 4970
199,Suzanna,Seel,sseel5i@tamu.edu,Female,+351 401 466 4816
200,Tova,Dommersen,tdommersen5j@flickr.com,Female,+51 834 346 9834
201,Tulley,Grima,tgrima5k@unesco.org,Male,+55 548 615 6777
202,Cynthia,Sorey,csorey5l@wikimedia.org,Female,+33 420 906 7077
203,Edik,Remnant,eremnant5m@home.pl,Male,+51 584 334 3733
204,Rosamond,Vynall,rvynall5n@shareasale.com,Female,+62 279 316 1957
205,Jessi,Rhodus,jrhodus5o@cbsnews.com,Female,+62 845 831 6994
206,Demetris,Braunton,dbraunton5p@ebay.com,Male,+355 659 420 8295
207,Albina,Schleicher,aschleicher5q@ebay.co.uk,Female,+86 519 527 6706
208,Ethyl,Iacovuzzi,eiacovuzzi5r@buzzfeed.com,Female,+86 796 997 0388
209,Ileana,Bortoluzzi,ibortoluzzi5s@newyorker.com,Female,+82 573 973 5933
210,Kimberlyn,Curreen,kcurreen5t@etsy.com,Female,+51 270 521 4458
211,Ulrike,Renn,urenn5u@livejournal.com,Female,+51 159 734 8589
212,Whitby,Whitehair,wwhitehair5v@scribd.com,Male,+86 672 738 9054
213,Herculie,Ervin,hervin5w@yellowpages.com,Male,+374 273 168 4321
214,Swen,Hindsberg,shindsberg5x@360.cn,Male,+7 835 937 0249
215,Winston,Hachard,whachard5y@dagondesign.com,Male,+47 209 109 0640
216,Liesa,Meedendorpe,lmeedendorpe5z@jalbum.net,Female,+86 278 806 2072
217,Redford,Fowgies,rfowgies60@163.com,Male,+358 903 771 0164
218,Roderick,Brimner,rbrimner61@fda.gov,Male,+880 850 511 6251
219,Lindsey,Braker,lbraker62@ehow.com,Female,+64 859 751 2922
220,Haroun,Attoc,hattoc63@time.com,Male,+62 273 967 1276
221,Shurwood,Nicklinson,snicklinson64@tinyurl.com,Male,+86 944 964 4248
222,Jody,Rich,jrich65@ezinearticles.com,Female,+86 783 585 2087
223,Bentley,Garnul,bgarnul66@loc.gov,Male,+63 725 740 3318
224,Benny,Horsted,bhorsted67@github.com,Female,+48 785 240 2138
225,Nevile,Ayris,nayris68@abc.net.au,Male,+86 776 457 9204
226,Elvera,Noar,enoar69@prnewswire.com,Female,+46 652 130 1142
227,Lilias,Ancliff,lancliff6a@bizjournals.com,Female,+260 923 145 7094
228,Georgie,Abriani,gabriani6b@unesco.org,Male,+86 898 893 0507
229,Starlene,McQuin,smcquin6c@ucsd.edu,Female,+62 825 961 3670
230,Craig,Chiechio,cchiechio6d@seattletimes.com,Male,+63 335 150 3323
231,Sean,Queyos,squeyos6e@webs.com,Male,+967 378 899 0460
232,Dorolice,De Zamudio,ddezamudio6f@cloudflare.com,Female,+380 281 691 7782
233,Emelyne,Arnaldi,earnaldi6g@state.gov,Female,+1 992 500 7040
234,Colman,Holliar,cholliar6h@ebay.com,Male,+62 672 539 7605
235,Leonardo,Girvan,lgirvan6i@google.co.jp,Male,+86 219 881 2135
236,Stefa,Bithany,sbithany6j@cnet.com,Female,+33 815 695 4016
237,Melodee,Murty,mmurty6k@redcross.org,Female,+86 609 883 3152
238,Tabbie,Martschke,tmartschke6l@pinterest.com,Female,+62 182 875 7483
239,Vale,Stapylton,vstapylton6m@ibm.com,Female,+228 343 299 2492
240,Freda,Girardet,fgirardet6n@discovery.com,Female,+60 354 814 7804
241,Lacee,Van Son,lvanson6o@dion.ne.jp,Female,+1 858 885 1246
242,Corenda,Janaszewski,cjanaszewski6p@squidoo.com,Female,+1 516 343 7286
243,Staford,Swate,sswate6q@about.com,Male,+81 535 751 5442
244,Traver,Clowsley,tclowsley6r@surveymonkey.com,Male,+351 892 209 1328
245,Rollin,Pesek,rpesek6s@nytimes.com,Male,+86 405 548 7497
246,Timothee,Dennick,tdennick6t@hud.gov,Male,+370 172 636 9134
247,Ronnie,Eliasson,reliasson6u@un.org,Female,+351 451 858 5333
248,Leese,MacDermand,lmacdermand6v@tinyurl.com,Female,+84 427 277 8058
249,Davide,Jerzykiewicz,djerzykiewicz6w@nba.com,Male,+63 893 267 3505
250,Daisie,Ettery,dettery6x@thetimes.co.uk,Female,+86 240 586 9094
251,Sanderson,Legion,slegion6y@cloudflare.com,Male,+86 635 506 3688
252,Justen,Sainsberry,jsainsberry6z@t-online.de,Male,+48 329 147 3579
253,Les,Veldman,lveldman70@army.mil,Male,+81 365 161 2980
254,Stanislaus,Saladino,ssaladino71@123-reg.co.uk,Male,+994 491 789 9705
255,Desiree,Follin,dfollin72@scribd.com,Female,+86 276 964 3504
256,Padraig,Blinco,pblinco73@diigo.com,Male,+86 790 574 5597
257,Anton,Klugman,aklugman74@tripadvisor.com,Male,+54 408 298 3931
258,Cornelia,Casellas,ccasellas75@usa.gov,Female,+63 669 453 5912
259,Tate,Jealous,tjealous76@amazon.co.jp,Female,+86 992 713 2963
260,Nanon,Curee,ncuree77@twitter.com,Female,+976 241 671 0456
261,Washington,Torrijos,wtorrijos78@gizmodo.com,Male,+51 900 561 5350
262,Liva,Waterhouse,lwaterhouse79@rambler.ru,Female,+86 499 531 3910
263,Cody,Thams,cthams7a@blogtalkradio.com,Male,+58 839 297 3469
264,Nikita,Kleyn,nkleyn7b@dyndns.org,Male,+382 800 327 5194
265,Glen,Skelding,gskelding7c@oakley.com,Female,+86 371 372 3923
266,Hakim,Gillaspy,hgillaspy7d@last.fm,Male,+86 961 445 5239
267,Averell,Puttrell,aputtrell7e@statcounter.com,Male,+351 970 737 4339
268,Vachel,Crossthwaite,vcrossthwaite7f@domainmarket.com,Male,+46 380 184 2687
269,Pier,Baily,pbaily7g@squarespace.com,Female,+55 339 349 0384
270,Ursula,Kitchingman,ukitchingman7h@mac.com,Female,+48 208 797 7596
271,Petr,Codling,pcodling7i@netlog.com,Male,+66 107 955 9305
272,Sean,Denyukhin,sdenyukhin7j@istockphoto.com,Male,+62 631 443 5543
273,Obie,Brownill,obrownill7k@xing.com,Male,+86 640 471 9817
274,Natka,Butchers,nbutchers7l@plala.or.jp,Female,+86 913 326 4311
275,Eduino,Yelland,eyelland7m@shop-pro.jp,Male,+66 708 671 0807
276,Ari,Coleborn,acoleborn7n@devhub.com,Male,+62 951 741 7958
277,Alisun,Feldberg,afeldberg7o@wikispaces.com,Female,+963 364 938 0688
278,Kenna,Rodwell,krodwell7p@about.me,Female,+86 308 519 5754
279,Hussein,Caulkett,hcaulkett7q@archive.org,Male,+33 431 699 1773
280,Francisco,Hendricks,fhendricks7r@vk.com,Male,+55 847 725 0666
281,Opal,McArte,omcarte7s@google.es,Female,+1 269 254 1395
282,Ave,Slowcock,aslowcock7t@elpais.com,Male,+66 883 523 2767
283,Janeva,Strachan,jstrachan7u@slashdot.org,Female,+62 750 730 2238
284,Guthrey,Asling,gasling7v@ifeng.com,Male,+86 965 755 2873
285,Trenna,Poynton,tpoynton7w@google.co.jp,Female,+86 548 168 0122
286,Analiese,Easthope,aeasthope7x@sourceforge.net,Female,+86 389 143 8919
287,Clarey,Whife,cwhife7y@answers.com,Female,+62 588 986 7752
288,Eulalie,Rogister,erogister7z@sphinn.com,Female,+504 250 171 3765
289,Donalt,Zuanazzi,dzuanazzi80@hc360.com,Male,+62 794 932 2881
290,Andi,Corrigan,acorrigan81@newsvine.com,Female,+63 658 237 8288
291,Alexia,McNeilley,amcneilley82@twitpic.com,Female,+63 262 653 4398
292,Sherwood,Filyakov,sfilyakov83@bloomberg.com,Male,+86 933 661 8131
293,Rockey,Eversley,reversley84@elpais.com,Male,+1 301 442 6308
294,Miguelita,Joblin,mjoblin85@sciencedaily.com,Female,+46 534 434 3588
295,Sunshine,Chapman,schapman86@jugem.jp,Female,+33 251 241 8857
296,Rodolphe,Bedells,rbedells87@blogspot.com,Male,+504 982 839 3921
297,Eadie,McCorkell,emccorkell88@nba.com,Female,+86 181 954 6768
298,Even,Leipnik,eleipnik89@hugedomains.com,Male,+7 772 610 7929
299,Fayina,De Santos,fdesantos8a@furl.net,Female,+86 793 361 3556
300,Whit,Featherston,wfeatherston8b@imdb.com,Male,+47 638 264 1663
301,Evangelia,Filkin,efilkin8c@xrea.com,Female,+687 112 354 9712
302,Leonanie,Van der Son,lvanderson8d@thetimes.co.uk,Female,+86 407 160 5572
303,Flo,Broomfield,fbroomfield8e@wordpress.org,Female,+55 747 276 3134
304,Ema,Pleasaunce,epleasaunce8f@marketwatch.com,Female,+1 424 487 3895
305,Tabor,Paal,tpaal8g@blogs.com,Male,+212 834 562 5956
306,Quintana,Dilrew,qdilrew8h@youtu.be,Female,+375 679 253 3965
307,Joyan,Tetlow,jtetlow8i@netvibes.com,Female,+255 451 345 5014
308,Pebrook,Bickerdicke,pbickerdicke8j@soundcloud.com,Male,+1 212 317 5539
309,Nanette,Bartoleyn,nbartoleyn8k@blogger.com,Female,+52 554 233 9785
310,Laina,Cockayne,lcockayne8l@posterous.com,Female,+234 947 619 5598
311,Marquita,Mackie,mmackie8m@google.com.au,Female,+86 550 831 2161
312,Noellyn,Penchen,npenchen8n@amazon.de,Female,+81 592 157 9950
313,Maddi,Hinkes,mhinkes8o@youtu.be,Female,+504 503 695 5813
314,Alfie,Castri,acastri8p@vistaprint.com,Male,+62 616 429 4814
315,Gardy,Silbersak,gsilbersak8q@examiner.com,Male,+55 508 548 4007
316,Hanni,Kyd,hkyd8r@altervista.org,Female,+86 813 513 0738
317,Lon,Olech,lolech8s@tmall.com,Male,+30 908 795 9569
318,Pietra,Ruttgers,pruttgers8t@ning.com,Female,+420 118 690 9094
319,Toby,Tubbs,ttubbs8u@un.org,Male,+55 739 581 7391
320,Cristiano,Dreini,cdreini8v@jimdo.com,Male,+86 143 217 0100
321,Tommy,Racher,tracher8w@dropbox.com,Male,+51 868 637 7264
322,Thaxter,Croll,tcroll8x@archive.org,Male,+86 493 598 4498
323,Port,Walne,pwalne8y@uiuc.edu,Male,+46 369 274 8384
324,Balduin,Behninck,bbehninck8z@virginia.edu,Male,+86 919 631 2652
325,Philis,Goracci,pgoracci90@shutterfly.com,Female,+222 148 326 4848
326,Eve,Gypson,egypson91@mac.com,Female,+63 832 679 6936
327,Krishna,Kenrat,kkenrat92@ocn.ne.jp,Male,+86 416 566 9813
328,Colas,Haldenby,chaldenby93@newyorker.com,Male,+60 975 703 3511
329,Grantham,Gow,ggow94@stumbleupon.com,Male,+81 774 603 3024
330,Cad,Inkles,cinkles95@craigslist.org,Male,+93 900 513 9309
331,Artemis,Wightman,awightman96@senate.gov,Male,+63 210 614 8456
332,Davy,Perche,dperche97@ibm.com,Male,+20 441 585 2752
333,Lilia,McGeneay,lmcgeneay98@statcounter.com,Female,+86 913 178 8700
334,Lynne,Eastlake,leastlake99@indiatimes.com,Female,+351 692 654 6835
335,Darleen,Wurz,dwurz9a@sitemeter.com,Female,+86 734 979 9913
336,Roz,Josland,rjosland9b@blogger.com,Female,+31 916 441 0097
337,Lammond,Northedge,lnorthedge9c@vinaora.com,Male,+7 623 776 7713
338,Marlowe,Waggett,mwaggett9d@ted.com,Male,+86 165 747 9759
339,Gunner,Gillhespy,ggillhespy9e@marketwatch.com,Male,+420 883 300 5899
340,Nancy,Caldeiro,ncaldeiro9f@redcross.org,Female,+996 818 533 9537
341,Deborah,Balsdon,dbalsdon9g@google.fr,Female,+976 181 993 1075
342,Selig,Reyna,sreyna9h@skype.com,Male,+57 520 162 2844
343,Aurelia,Lissett,alissett9i@drupal.org,Female,+86 484 641 0831
344,Patty,Wixey,pwixey9j@home.pl,Female,+234 369 252 1276
345,Sianna,Wakerley,swakerley9k@ftc.gov,Female,+81 971 644 5780
346,Teodora,Eitter,teitter9l@so-net.ne.jp,Female,+46 529 731 3433
347,Lionello,O'Hone,lohone9m@tuttocitta.it,Male,+62 834 563 0709
348,Nestor,Terzo,nterzo9n@pbs.org,Male,+351 586 138 0046
349,Augustus,Elham,aelham9o@marriott.com,Male,+86 233 391 6106
350,Bethina,Brim,bbrim9p@psu.edu,Female,+98 999 254 7335
351,Amie,Ander,aander9q@rediff.com,Female,+216 595 853 4633
352,Brose,MacAfee,bmacafee9r@princeton.edu,Male,+86 906 652 2334
353,Marika,Tures,mtures9s@qq.com,Female,+385 375 811 5955
354,Vinnie,Naylor,vnaylor9t@sina.com.cn,Female,+62 541 394 1262
355,Royce,Cudbertson,rcudbertson9u@narod.ru,Male,+86 351 760 7461
356,Germaine,Hughes,ghughes9v@facebook.com,Female,+62 376 848 2512
357,Butch,Curwen,bcurwen9w@tuttocitta.it,Male,+507 794 135 4698
358,Rickert,Fernely,rfernely9x@ovh.net,Male,+7 598 210 3030
359,Dylan,Writtle,dwrittle9y@miitbeian.gov.cn,Male,+86 271 301 5965
360,Veronique,Ovendon,vovendon9z@delicious.com,Female,+48 196 913 5391
361,Lucita,Vasilechko,lvasilechkoa0@mayoclinic.com,Female,+86 174 488 7482
362,Celinda,Bohlin,cbohlina1@theglobeandmail.com,Female,+92 769 959 3467
363,Edgardo,Arnot,earnota2@economist.com,Male,+1 619 324 2040
364,Herve,Holligan,hholligana3@usda.gov,Male,+86 567 878 6049
365,Cull,Golden of Ireland,cgoldenofirelanda4@earthlink.net,Male,+86 942 563 5953
366,Elisabeth,Brunn,ebrunna5@cloudflare.com,Female,+55 519 972 4244
367,Hymie,Terrans,hterransa6@huffingtonpost.com,Male,+371 143 677 5515
368,Pepe,Calderonello,pcalderonelloa7@admin.ch,Male,+46 967 957 3204
369,Andre,Oslar,aoslara8@nsw.gov.au,Male,+380 623 903 7884
370,Jorgan,Achrameev,jachrameeva9@jimdo.com,Male,+86 879 181 1377
371,Cinderella,Breheny,cbrehenyaa@desdev.cn,Female,+1 229 237 0437
372,Shirleen,Slaght,sslaghtab@networksolutions.com,Female,+7 373 337 2160
373,Maureene,Buessen,mbuessenac@cisco.com,Female,+86 858 372 3060
374,Aldon,Widmoor,awidmoorad@meetup.com,Male,+86 421 698 8406
375,Lockwood,Northfield,lnorthfieldae@usa.gov,Male,+62 121 377 6143
376,Vanessa,Halshaw,vhalshawaf@bluehost.com,Female,+86 699 749 6546
377,Binnie,Henzley,bhenzleyag@youtu.be,Female,+1 301 802 0523
378,Jorge,Hubbold,jhubboldah@youku.com,Male,+62 121 167 9250
379,Elden,Mityushin,emityushinai@buzzfeed.com,Male,+86 287 263 8727
380,Ezra,Girk,egirkaj@ocn.ne.jp,Male,+55 453 143 7615
381,Sloan,Sergean,ssergeanak@typepad.com,Male,+964 246 325 1104
382,Dominique,Ible,dibleal@hao123.com,Female,+62 766 956 1423
383,Kippie,Clamp,kclampam@i2i.jp,Female,+359 703 540 9578
384,Jada,Donativo,jdonativoan@wordpress.com,Female,+62 541 226 5717
385,Lula,Neeson,lneesonao@tripod.com,Female,+98 712 788 8916
386,Ruy,Cudmore,rcudmoreap@admin.ch,Male,+351 250 104 3516
387,Luigi,Stather,lstatheraq@mozilla.com,Male,+260 902 356 6916
388,Beaufort,Willes,bwillesar@hubpages.com,Male,+7 382 494 0103
389,Rebecka,Cheney,rcheneyas@reverbnation.com,Female,+63 604 409 0769
390,Magnum,Lyddiard,mlyddiardat@ustream.tv,Male,+66 420 473 1330
391,Mace,Tysack,mtysackau@mapquest.com,Male,+27 621 163 8513
392,Martica,Phillipps,mphillippsav@cbc.ca,Female,+84 170 937 9942
393,Caron,Shillitto,cshillittoaw@amazon.de,Female,+86 425 436 4349
394,Isaiah,Akker,iakkerax@123-reg.co.uk,Male,+86 134 305 7512
395,Auguste,Form,aformay@mit.edu,Female,+86 749 797 6074
396,Cordie,Stapforth,cstapforthaz@arstechnica.com,Female,+86 683 653 4130
397,Leslie,Freed,lfreedb0@fastcompany.com,Female,+1 118 218 3887
398,Gardie,Heisman,gheismanb1@alibaba.com,Male,+30 272 919 8199
399,Xylia,Cainey,xcaineyb2@cisco.com,Female,+1 805 573 4738
400,Waylen,Guenther,wguentherb3@theglobeandmail.com,Male,+380 401 361 2045
401,Devonne,Haygreen,dhaygreenb4@cam.ac.uk,Female,+381 100 324 0894
402,Kippy,Jansens,kjansensb5@devhub.com,Male,+351 929 918 4220
403,Brien,Jordison,bjordisonb6@jigsy.com,Male,+62 432 665 5223
404,Corissa,Tremmil,ctremmilb7@microsoft.com,Female,+507 225 895 9657
405,Ninnetta,Beverage,nbeverageb8@issuu.com,Female,+34 475 370 6889
406,Dennis,Sherrocks,dsherrocksb9@nationalgeographic.com,Male,+86 507 202 6023
407,Bax,Macbeth,bmacbethba@g.co,Male,+30 842 749 0409
408,Myer,Tuite,mtuitebb@prnewswire.com,Male,+84 901 456 8102
409,Vladamir,Domerc,vdomercbc@ca.gov,Male,+55 699 652 5538
410,Barde,Darinton,bdarintonbd@jigsy.com,Male,+55 805 580 7664
411,Marcile,Reuter,mreuterbe@gnu.org,Female,+880 887 531 9705
412,Chad,Itshak,citshakbf@vistaprint.com,Female,+86 976 978 5932
413,Jamil,Adamsson,jadamssonbg@netlog.com,Male,+86 775 311 8493
414,Ali,Walklett,awalklettbh@furl.net,Female,+62 398 109 2786
415,Scarlet,Nilles,snillesbi@etsy.com,Female,+359 505 131 5634
416,Darcy,Garnett,dgarnettbj@zimbio.com,Female,+62 683 677 7093
417,Paul,Anthoin,panthoinbk@e-recht24.de,Male,+62 550 241 5195
418,Kaine,Songer,ksongerbl@booking.com,Male,+55 886 761 0886
419,Oona,Cogdon,ocogdonbm@sciencedirect.com,Female,+86 525 987 0988
420,Thoma,Gloucester,tgloucesterbn@diigo.com,Male,+86 820 598 1988
421,Karlis,Rawet,krawetbo@businessinsider.com,Male,+55 900 655 4782
422,Chaunce,Pentony,cpentonybp@columbia.edu,Male,+962 441 562 8658
423,Kipp,Buckell,kbuckellbq@auda.org.au,Male,+86 186 533 6190
424,Tarrance,Dunseath,tdunseathbr@t-online.de,Male,+33 164 611 0284
425,Aldin,Reilly,areillybs@rediff.com,Male,+82 598 818 1973
426,Gaston,Neligan,gneliganbt@istockphoto.com,Male,+94 353 299 9124
427,Chaddie,Burkman,cburkmanbu@admin.ch,Male,+98 422 370 6019
428,Nichols,Bareford,nbarefordbv@exblog.jp,Male,+62 248 566 3605
429,Fredra,Newart,fnewartbw@huffingtonpost.com,Female,+420 843 212 6197
430,Winifield,Courcey,wcourceybx@woothemes.com,Male,+963 748 141 2189
431,Yurik,Blasi,yblasiby@usgs.gov,Male,+55 747 735 1995
432,Theodosia,Lunge,tlungebz@aboutads.info,Female,+52 715 844 5366
433,Wynny,Twining,wtwiningc0@disqus.com,Female,+1 775 407 3677
434,Damita,Baseley,dbaseleyc1@bloglovin.com,Female,+81 736 879 4143
435,Danyette,Kimm,dkimmc2@dedecms.com,Female,+86 245 418 2198
436,Brigitta,Cowey,bcoweyc3@posterous.com,Female,+387 829 939 2770
437,Letizia,Busswell,lbusswellc4@seattletimes.com,Female,+385 365 361 7691
438,Adi,Tamplin,atamplinc5@psu.edu,Female,+46 533 996 9627
439,Deana,Gove,dgovec6@who.int,Female,+46 214 160 1840
440,Paolo,Clementet,pclementetc7@seesaa.net,Male,+351 538 416 6773
441,Nata,Cutress,ncutressc8@clickbank.net,Female,+1 764 976 1192
442,Jimmy,Catterick,jcatterickc9@friendfeed.com,Male,+62 581 746 0372
443,Cleavland,Whyteman,cwhytemanca@cbsnews.com,Male,+86 282 960 2775
444,Abe,Caldera,acalderacb@a8.net,Male,+62 166 776 7768
445,Jephthah,Heeley,jheeleycc@aol.com,Male,+63 787 496 9901
446,Ashlen,McIlveen,amcilveencd@tuttocitta.it,Female,+1 422 802 8861
447,Zarla,Mates,zmatesce@homestead.com,Female,+63 339 457 9807
448,Lucio,Burbridge,lburbridgecf@weebly.com,Male,+232 361 683 8715
449,Drake,Crucetti,dcrucetticg@unesco.org,Male,+86 741 804 7228
450,Lou,Figgen,lfiggench@stanford.edu,Female,+234 423 348 6077
451,Clint,Behninck,cbehninckci@privacy.gov.au,Male,+55 259 452 6853
452,Adair,Lazonby,alazonbycj@seattletimes.com,Male,+963 886 887 2202
453,Willem,Crosham,wcroshamck@blogs.com,Male,+86 143 273 2622
454,Findlay,Kelinge,fkelingecl@opensource.org,Male,+355 382 628 7727
455,Leontyne,Happer,lhappercm@java.com,Female,+46 643 705 8279
456,Mollee,Alpes,malpescn@aboutads.info,Female,+27 154 661 9292
457,Nessi,Perin,nperinco@unc.edu,Female,+55 261 310 1860
458,Allyce,Crank,acrankcp@surveymonkey.com,Female,+55 417 115 1248
459,Vince,Omar,vomarcq@upenn.edu,Male,+48 737 264 8479
460,Llywellyn,Adam,ladamcr@imgur.com,Male,+63 280 231 0550
461,Barbe,Verma,bvermacs@mtv.com,Female,+52 621 849 2556
462,Kassey,Splevings,ksplevingsct@prnewswire.com,Female,+86 948 226 7039
463,Elisabet,Roseburgh,eroseburghcu@accuweather.com,Female,+62 204 818 5126
464,Tuck,Hurle,thurlecv@opensource.org,Male,+54 688 133 2672
465,Fayina,Talboy,ftalboycw@fotki.com,Female,+63 344 640 9995
466,Kissiah,Tesdale,ktesdalecx@blogs.com,Female,+48 380 617 2821
467,Obidiah,Hadleigh,ohadleighcy@zdnet.com,Male,+386 698 572 3006
468,Lannie,Dwane,ldwanecz@engadget.com,Male,+234 898 806 0209
469,Nicola,Amner,namnerd0@utexas.edu,Male,+420 751 616 4712
470,Ethelbert,Blacker,eblackerd1@disqus.com,Male,+86 714 783 7559
471,Garreth,Morena,gmorenad2@blogs.com,Male,+1 479 232 1835
472,Keefe,Conti,kcontid3@canalblog.com,Male,+86 423 580 8241
473,Cornall,Gipson,cgipsond4@china.com.cn,Male,+234 880 404 0603
474,Bartram,Cale,bcaled5@ebay.com,Male,+371 710 329 6767
475,Audie,Stonehewer,astonehewerd6@reference.com,Female,+86 192 327 6682
476,Reeba,Simonnot,rsimonnotd7@ifeng.com,Female,+380 651 706 5487
477,Carlotta,McGrail,cmcgraild8@weebly.com,Female,+1 410 399 0324
478,Rosemaria,Mac Giolla Pheadair,rmacgiollapheadaird9@list-manage.com,Female,+27 262 310 3840
479,Beniamino,Duddell,bduddellda@networksolutions.com,Male,+381 977 533 5776
480,Drucill,Tabram,dtabramdb@sakura.ne.jp,Female,+7 157 734 5232
481,Kelila,Le Grice,klegricedc@abc.net.au,Female,+62 693 300 7660
482,Brynn,Songust,bsongustdd@mlb.com,Female,+7 355 161 4736
483,Garnette,Dymocke,gdymockede@thetimes.co.uk,Female,+86 344 321 2563
484,Christos,Punyer,cpunyerdf@nyu.edu,Male,+86 277 695 0962
485,Lilias,Cressy,lcressydg@newyorker.com,Female,+48 943 975 7254
486,Anna-diana,Neave,aneavedh@bloglovin.com,Female,+33 277 716 2011
487,Aluin,Calder,acalderdi@i2i.jp,Male,+420 502 980 5199
488,Midge,Mapstone,mmapstonedj@army.mil,Female,+351 472 368 9078
489,Garik,Fonzo,gfonzodk@macromedia.com,Male,+7 770 945 2663
490,Lucas,Petran,lpetrandl@soundcloud.com,Male,+358 507 892 0450
491,Wood,Jefferson,wjeffersondm@live.com,Male,+358 264 785 8914
492,Lydia,Millican,lmillicandn@nasa.gov,Female,+60 766 373 1583
493,Boyce,Fiddeman,bfiddemando@over-blog.com,Male,+63 558 198 1899
494,Westley,Humphries,whumphriesdp@dmoz.org,Male,+48 335 478 1870
495,Florenza,Mathison,fmathisondq@ed.gov,Female,+54 992 689 8439
496,Nessy,Jannaway,njannawaydr@acquirethisname.com,Female,+33 974 725 6553
497,Onfroi,Albone,oalboneds@blogspot.com,Male,+86 914 849 5554
498,Hasheem,Eagers,heagersdt@seattletimes.com,Male,+880 298 318 9148
499,Ginnie,Radsdale,gradsdaledu@slate.com,Female,+55 427 660 2834
500,Valerie,Kilby,vkilbydv@webnode.com,Female,+62 207 827 7760
501,Euphemia,Biaggi,ebiaggidw@skype.com,Female,+30 229 269 6684
502,Donelle,Rabat,drabatdx@indiatimes.com,Female,+86 549 634 2571
503,Rosene,Fullick,rfullickdy@comcast.net,Female,+86 372 780 2549
504,Hernando,Soro,hsorodz@google.com.hk,Male,+62 479 606 9449
505,Channa,Wiggin,cwiggine0@spiegel.de,Female,+31 458 783 8063
506,Archy,Sawle,asawlee1@foxnews.com,Male,+260 646 528 3424
507,Sam,Lashmar,slashmare2@soup.io,Male,+62 854 408 9557
508,Yvor,Flewin,yflewine3@nasa.gov,Male,+60 803 352 2651
509,Bennett,O'Hegertie,bohegertiee4@nba.com,Male,+256 755 453 7065
510,Fernanda,Deeley,fdeeleye5@newsvine.com,Female,+351 991 674 5280
511,Aylmer,Crilly,acrillye6@w3.org,Male,+86 909 525 1933
512,Nichols,Radnedge,nradnedgee7@hexun.com,Male,+62 377 883 7598
513,Meggi,Barclay,mbarclaye8@amazon.com,Female,+33 715 988 2209
514,Rea,Bohey,rboheye9@amazon.co.jp,Female,+880 503 841 9875
515,Osborne,McKennan,omckennanea@netvibes.com,Male,+7 713 787 4272
516,Osmund,Oslar,ooslareb@apple.com,Male,+351 251 648 0960
517,Lanie,Tarney,ltarneyec@cafepress.com,Male,+7 738 548 7690
518,Ollie,Churms,ochurmsed@ucoz.ru,Female,+86 297 139 7536
519,Benjie,Potticary,bpotticaryee@indiegogo.com,Male,+62 654 245 9917
520,Moshe,Fishbourn,mfishbournef@cocolog-nifty.com,Male,+63 926 587 6120
521,Robin,Shayes,rshayeseg@upenn.edu,Male,+7 546 441 6023
522,Minny,Capp,mcappeh@goodreads.com,Female,+62 513 136 8781
523,Aron,Northley,anorthleyei@usa.gov,Male,+46 321 454 7196
524,Scarlet,Alner,salnerej@opera.com,Female,+66 930 715 6804
525,Hope,Hanway,hhanwayek@fema.gov,Female,+62 794 391 8120
526,Eleanor,O'Haire,eohaireel@blinklist.com,Female,+92 504 597 0939
527,Heddi,Geratt,hgerattem@shutterfly.com,Female,+86 838 719 0526
528,Tiffany,Garvagh,tgarvaghen@elpais.com,Female,+86 115 831 6953
529,Leodora,Teasell,lteaselleo@tuttocitta.it,Female,+33 821 464 9830
530,Nico,Parrot,nparrotep@issuu.com,Male,+63 385 438 4645
531,Jasun,Infantino,jinfantinoeq@free.fr,Male,+216 309 910 5945
532,Harmon,Drysdell,hdrysdeller@gmpg.org,Male,+63 792 369 1951
533,Vaclav,Bellson,vbellsones@usgs.gov,Male,+351 988 450 4991
534,Jeana,Rainford,jrainfordet@unblog.fr,Female,+98 919 366 4312
535,Agace,Stollenwerck,astollenwerckeu@fda.gov,Female,+380 913 729 6962
536,Brena,Mumby,bmumbyev@phpbb.com,Female,+86 518 726 2571
537,Joelynn,Gheorghie,jgheorghieew@blog.com,Female,+46 897 720 2482
538,Patrick,Grigorini,pgrigoriniex@dagondesign.com,Male,+51 610 180 4079
539,Eleen,Cancellario,ecancellarioey@cbsnews.com,Female,+57 403 755 1415
540,Jewelle,Ondricek,jondricekez@admin.ch,Female,+967 582 327 6797
541,Andras,Fazakerley,afazakerleyf0@bbb.org,Male,+63 555 753 7438
542,Kennedy,Wrigglesworth,kwrigglesworthf1@usnews.com,Male,+63 558 743 1928
543,Hunter,Brownell,hbrownellf2@newyorker.com,Male,+86 246 919 9430
544,Auguste,Dansey,adanseyf3@pinterest.com,Female,+55 320 661 8396
545,Malena,Eppson,meppsonf4@deviantart.com,Female,+62 325 487 7619
546,Brannon,Miskin,bmiskinf5@feedburner.com,Male,+353 205 890 1689
547,Georgena,Campbell-Dunlop,gcampbelldunlopf6@alibaba.com,Female,+7 768 230 8486
548,Wendi,Stadden,wstaddenf7@goo.ne.jp,Female,+63 292 375 6266
549,Norman,Torritti,ntorrittif8@goo.gl,Male,+52 810 953 7383
550,Boothe,Franey,bfraneyf9@nbcnews.com,Male,+86 215 898 2755
551,Lura,Hawkey,lhawkeyfa@indiatimes.com,Female,+86 355 269 8709
552,Jarred,Ivankov,jivankovfb@github.com,Male,+33 974 166 0913
553,Natty,Rickert,nrickertfc@networksolutions.com,Male,+51 526 680 3893
554,Clovis,Leas,cleasfd@about.me,Female,+33 563 575 6680
555,Artie,Kitchenside,akitchensidefe@amazon.de,Male,+62 317 878 7544
556,Brandon,Breznovic,bbreznovicff@cafepress.com,Male,+1 585 116 4661
557,Parry,Mabon,pmabonfg@umn.edu,Male,+57 569 461 6744
558,Georgy,Navarro,gnavarrofh@state.gov,Male,+86 307 957 1649
559,Lambert,Winfield,lwinfieldfi@bbc.co.uk,Male,+48 175 297 7718
560,Marigold,Jaffray,mjaffrayfj@google.com,Female,+374 343 282 7488
561,Violetta,Ibarra,vibarrafk@domainmarket.com,Female,+55 381 510 9935
562,Rebekah,McIlvenna,rmcilvennafl@ft.com,Female,+48 130 603 3435
563,Arliene,Zipsell,azipsellfm@salon.com,Female,+251 343 264 0163
564,Sara,Bourgaize,sbourgaizefn@who.int,Female,+251 313 991 8848
565,Lucius,Bailes,lbailesfo@example.com,Male,+855 115 570 9380
566,Vicki,Croal,vcroalfp@washingtonpost.com,Female,+970 652 975 7206
567,Fredelia,Guinery,fguineryfq@mayoclinic.com,Female,+51 166 415 6448
568,Llywellyn,Fairholme,lfairholmefr@yellowpages.com,Male,+63 347 922 3372
569,Correy,Daymont,cdaymontfs@miitbeian.gov.cn,Male,+48 629 771 4279
570,Bonni,Kelleher,bkelleherft@usatoday.com,Female,+351 325 652 6803
571,Zared,Symons,zsymonsfu@google.co.uk,Male,+62 719 994 5964
572,Virgie,Zemler,vzemlerfv@google.com.au,Male,+370 461 680 1870
573,Giavani,Crathorne,gcrathornefw@friendfeed.com,Male,+86 984 293 3293
574,Lacie,Carous,lcarousfx@cornell.edu,Female,+57 180 779 5312
575,Carlye,Grayshan,cgrayshanfy@samsung.com,Female,+86 462 308 1977
576,Bucky,Jeyness,bjeynessfz@dot.gov,Male,+55 392 964 8137
577,Valma,Shirrell,vshirrellg0@ucla.edu,Female,+375 832 530 7813
578,Heloise,Hachette,hhachetteg1@mozilla.com,Female,+351 342 272 0640
579,Emilia,Comsty,ecomstyg2@github.com,Female,+1 355 556 0332
580,Berty,Demangel,bdemangelg3@blogtalkradio.com,Female,+86 471 508 8411
581,Trudie,Bickerdike,tbickerdikeg4@google.fr,Female,+54 451 540 5638
582,Louie,Sinkins,lsinkinsg5@edublogs.org,Male,+234 538 200 9222
583,Orsola,Klausewitz,oklausewitzg6@cbc.ca,Female,+370 229 313 8675
584,Ephraim,Shimman,eshimmang7@wikipedia.org,Male,+387 730 255 5759
585,Thaxter,Quenby,tquenbyg8@google.ca,Male,+689 758 809 0104
586,Giana,De Freyne,gdefreyneg9@icio.us,Female,+7 188 639 5760
587,Vanya,Evenden,vevendenga@myspace.com,Male,+55 253 671 3082
588,Chaddy,Ivashov,civashovgb@earthlink.net,Male,+507 470 595 8664
589,Franklin,Denisot,fdenisotgc@purevolume.com,Male,+86 171 699 0574
590,Zebulon,Burnyeat,zburnyeatgd@xrea.com,Male,+51 977 883 2202
591,Lorie,Murrock,lmurrockge@eepurl.com,Female,+7 583 714 3927
592,Faunie,Wysome,fwysomegf@jalbum.net,Female,+46 277 849 6458
593,Linus,Payley,lpayleygg@epa.gov,Male,+48 601 993 4110
594,Bondie,Paulou,bpaulough@opera.com,Male,+423 838 207 5956
595,Ellynn,Dureden,eduredengi@yelp.com,Female,+62 954 908 4355
596,Denni,Netting,dnettinggj@gov.uk,Female,+1 860 188 3777
597,Hope,Cawt,hcawtgk@vistaprint.com,Female,+55 835 462 1044
598,Oby,Glisane,oglisanegl@google.co.uk,Male,+7 141 786 0963
599,Marina,Hattigan,mhattigangm@shutterfly.com,Female,+56 270 791 6281
600,Burton,Foy,bfoygn@storify.com,Male,+967 275 448 1977
601,Kinny,Levin,klevingo@theatlantic.com,Male,+380 283 657 7376
602,Aylmar,McTague,amctaguegp@ted.com,Male,+62 555 471 8312
603,Vitia,O' Donohue,vodonohuegq@who.int,Female,+380 775 534 2409
604,Harris,Fillgate,hfillgategr@wikipedia.org,Male,+63 363 751 9196
605,Madelina,Caven,mcavengs@seesaa.net,Female,+81 254 645 1170
606,Marianna,Yair,myairgt@biblegateway.com,Female,+7 221 631 8610
607,Bell,Leahy,bleahygu@dropbox.com,Female,+57 529 734 8279
608,Dedie,Beel,dbeelgv@tripadvisor.com,Female,+7 750 911 8765
609,Stanislas,Pearlman,spearlmangw@storify.com,Male,+62 651 788 7941
610,Nickolaus,Pancost,npancostgx@google.com.au,Male,+60 761 399 3818
611,Waverley,Borkett,wborkettgy@eepurl.com,Male,+52 266 475 4655
612,Glen,Melson,gmelsongz@nsw.gov.au,Male,+54 981 408 6482
613,Dana,Pehrsson,dpehrssonh0@tamu.edu,Female,+420 399 931 3834
614,Blakelee,MacPeake,bmacpeakeh1@t-online.de,Female,+7 269 468 4662
615,Marven,Baison,mbaisonh2@cbsnews.com,Male,+46 507 369 8429
616,Darren,Waterdrinker,dwaterdrinkerh3@jiathis.com,Male,+66 178 964 2654
617,Aurora,Lehrle,alehrleh4@rediff.com,Female,+86 612 811 5887
618,Lark,Gipp,lgipph5@arizona.edu,Female,+86 145 630 7592
619,Bealle,Posselow,bposselowh6@facebook.com,Male,+33 247 897 4947
620,Madison,Paolazzi,mpaolazzih7@cafepress.com,Male,+86 795 152 4790
621,Leigh,Redsell,lredsellh8@posterous.com,Female,+358 519 258 8763
622,Rees,Shaddock,rshaddockh9@skyrock.com,Male,+86 704 695 9585
623,Nicolle,Standish,nstandishha@miibeian.gov.cn,Female,+86 253 561 9748
624,Garrik,Chard,gchardhb@imageshack.us,Male,+92 523 585 6986
625,Gan,Noquet,gnoquethc@home.pl,Male,+62 417 528 5843
626,Aurore,Sarch,asarchhd@umn.edu,Female,+249 457 637 8203
627,Bartolemo,Gumm,bgummhe@nydailynews.com,Male,+82 255 282 7728
628,Shanna,Petrushanko,spetrushankohf@redcross.org,Female,+58 243 312 4131
629,Rudolph,Ciccotto,rciccottohg@webeden.co.uk,Male,+7 650 115 2219
630,Bernie,Janew,bjanewhh@myspace.com,Male,+54 669 637 7366
631,Sibelle,Reitenbach,sreitenbachhi@ebay.com,Female,+1 312 853 6658
632,Corina,Moors,cmoorshj@soup.io,Female,+850 689 605 0555
633,Natty,Gayter,ngayterhk@yellowpages.com,Female,+506 103 344 6510
634,Rex,Saice,rsaicehl@jigsy.com,Male,+234 644 677 6126
635,Lilas,Rowney,lrowneyhm@npr.org,Female,+7 691 783 2545
636,Cariotta,Townley,ctownleyhn@dell.com,Female,+86 707 538 8909
637,Lilian,Dugood,ldugoodho@people.com.cn,Female,+46 279 202 2770
638,Robinson,Maingot,rmaingothp@theguardian.com,Male,+86 468 593 8955
639,Jerrome,Drewet,jdrewethq@bigcartel.com,Male,+84 327 734 4513
640,Lee,Grime,lgrimehr@behance.net,Male,+86 206 220 9511
641,Haze,Gillanders,hgillandershs@miitbeian.gov.cn,Male,+51 382 381 9065
642,Konrad,Corness,kcornessht@123-reg.co.uk,Male,+86 862 775 0813
643,Sapphire,Kment,skmenthu@washington.edu,Female,+98 532 813 4413
644,Edgard,Machan,emachanhv@wisc.edu,Male,+48 616 233 3472
645,Harcourt,Goneau,hgoneauhw@unc.edu,Male,+55 282 329 6901
646,Katrina,Chrippes,kchrippeshx@tinyurl.com,Female,+7 833 567 9092
647,Moore,Mariel,mmarielhy@ucla.edu,Male,+86 132 333 9260
648,Jory,Mauditt,jmauditthz@psu.edu,Male,+7 224 484 3069
649,Morganica,Pembry,mpembryi0@businesswire.com,Female,+48 261 119 5320
650,Jarret,Meletti,jmelettii1@addthis.com,Male,+234 677 585 3145
651,Kali,Abeles,kabelesi2@kickstarter.com,Female,+58 280 872 8793
652,Blondie,Seydlitz,bseydlitzi3@ebay.com,Female,+86 362 725 8418
653,Abramo,Tetsall,atetsalli4@a8.net,Male,+64 127 981 5891
654,Dorthy,Kellegher,dkellegheri5@cargocollective.com,Female,+90 374 828 3038
655,Marten,King,mkingi6@acquirethisname.com,Male,+86 970 654 1405
656,Jodi,Rentoul,jrentouli7@ezinearticles.com,Male,+48 203 929 0880
657,Alan,Simmons,asimmonsi8@histats.com,Male,+86 449 566 7970
658,Boothe,Goburn,bgoburni9@com.com,Male,+62 478 442 0730
659,Rolfe,Twittey,rtwitteyia@earthlink.net,Male,+62 112 190 7915
660,Hobie,Holston,hholstonib@nature.com,Male,+220 387 814 2196
661,Ethelda,Easom,eeasomic@mashable.com,Female,+967 139 232 8820
662,Grant,Penhaligon,gpenhaligonid@who.int,Male,+46 324 502 9797
663,Christine,Drivers,cdriversie@reuters.com,Female,+63 176 798 8894
664,Whitney,Haggett,whaggettif@so-net.ne.jp,Male,+352 104 577 3907
665,Duky,Covington,dcovingtonig@cafepress.com,Male,+86 500 990 5510
666,Bradney,Lumsdall,blumsdallih@berkeley.edu,Male,+86 435 993 9828
667,Rani,Pressman,rpressmanii@feedburner.com,Female,+7 275 420 4936
668,Frants,Milch,fmilchij@mayoclinic.com,Male,+86 514 783 7078
669,Pryce,Emer,pemerik@jalbum.net,Male,+358 889 604 8660
670,Ogden,Mattioni,omattioniil@smugmug.com,Male,+376 256 828 0025
671,Cayla,Dunniom,cdunniomim@ebay.com,Female,+386 661 859 5113
672,Gamaliel,Strangeways,gstrangewaysin@state.tx.us,Male,+86 485 192 7806
673,Addia,Stihl,astihlio@tripod.com,Female,+86 691 860 6591
674,Mae,Lyal,mlyalip@furl.net,Female,+380 535 956 7684
675,Marco,Arlidge,marlidgeiq@harvard.edu,Male,+963 484 178 8010
676,Stephani,Wittey,switteyir@cdbaby.com,Female,+353 997 172 9285
677,Juan,Andrzejowski,jandrzejowskiis@pagesperso-orange.fr,Male,+84 557 787 7375
678,Ailsun,Yanshinov,ayanshinovit@pagesperso-orange.fr,Female,+55 509 369 4794
679,Benton,Occleshaw,boccleshawiu@mozilla.com,Male,+62 137 439 2908
680,Ibrahim,Rex,irexiv@usatoday.com,Male,+370 622 989 7127
681,Grantham,Meighan,gmeighaniw@ftc.gov,Male,+376 955 691 0497
682,Cristionna,Stocken,cstockenix@who.int,Female,+48 118 614 0302
683,Sheilakathryn,Lohden,slohdeniy@washington.edu,Female,+62 576 123 3368
684,Tanner,Sancho,tsanchoiz@state.tx.us,Male,+57 109 260 7181
685,Margaretta,Dabney,mdabneyj0@parallels.com,Female,+52 817 379 2570
686,Sybila,Byre,sbyrej1@tripod.com,Female,+351 178 717 9884
687,Beck,Lorand,blorandj2@gov.uk,Male,+62 626 157 1727
688,Deane,Girardot,dgirardotj3@tiny.cc,Female,+962 870 609 5427
689,Jodie,Amberson,jambersonj4@123-reg.co.uk,Female,+86 726 982 3427
690,Darci,Pike,dpikej5@netscape.com,Female,+380 362 930 6360
691,William,Goldis,wgoldisj6@over-blog.com,Male,+86 425 520 0781
692,Bil,Corkhill,bcorkhillj7@shutterfly.com,Male,+62 601 263 3795
693,Cleopatra,Tweede,ctweedej8@list-manage.com,Female,+55 659 230 7514
694,Melloney,Callendar,mcallendarj9@prweb.com,Female,+86 889 308 3055
695,Clywd,Palfrey,cpalfreyja@dyndns.org,Male,+95 208 770 0623
696,Vita,Purse,vpursejb@diigo.com,Female,+230 878 953 1141
697,Raffarty,Ayers,rayersjc@unicef.org,Male,+1 615 668 4687
698,Haslett,Bartoletti,hbartolettijd@state.gov,Male,+30 440 772 5529
699,Madelle,Buckenham,mbuckenhamje@infoseek.co.jp,Female,+1 694 736 4290
700,Tate,Conneau,tconneaujf@google.com.au,Female,+7 347 873 7302
701,Charlot,Duckworth,cduckworthjg@salon.com,Female,+236 985 789 5691
702,Cello,Konmann,ckonmannjh@hibu.com,Male,+63 679 228 0186
703,Blinni,Clows,bclowsji@sphinn.com,Female,+351 624 165 7926
704,Yetta,Fancutt,yfancuttjj@huffingtonpost.com,Female,+86 819 340 5390
705,Waylen,Kelsall,wkelsalljk@imdb.com,Male,+62 849 880 3790
706,Prent,Dionsetti,pdionsettijl@cornell.edu,Male,+51 300 715 4935
707,Wenonah,Jouen,wjouenjm@hubpages.com,Female,+81 593 268 8673
708,Marja,Beller,mbellerjn@ow.ly,Female,+86 289 713 9540
709,Emmalyn,Maidens,emaidensjo@google.ca,Female,+267 873 354 6184
710,Adda,Walework,awaleworkjp@baidu.com,Female,+7 385 607 6150
711,Tobias,Stannus,tstannusjq@youtu.be,Male,+30 495 621 0581
712,Elke,Turmel,eturmeljr@mediafire.com,Female,+48 987 278 1050
713,Stephan,Yakubov,syakubovjs@homestead.com,Male,+62 541 484 5777
714,Virge,Fairburn,vfairburnjt@bbc.co.uk,Male,+62 886 617 0314
715,Vinnie,Woodcraft,vwoodcraftju@devhub.com,Female,+86 992 427 0888
716,Derrik,Rowesby,drowesbyjv@ibm.com,Male,+351 237 320 9990
717,Cal,Sowray,csowrayjw@issuu.com,Female,+54 243 642 7088
718,Elisabeth,Puddan,epuddanjx@moonfruit.com,Female,+55 463 422 3473
719,Kirk,Alps,kalpsjy@cpanel.net,Male,+46 844 346 2179
720,Monroe,Brandino,mbrandinojz@yelp.com,Male,+972 439 127 4749
721,Cristobal,Stubbley,cstubbleyk0@1688.com,Male,+351 285 282 3920
722,Adara,Lafay,alafayk1@time.com,Female,+86 299 225 7171
723,Reeva,Lindgren,rlindgrenk2@japanpost.jp,Female,+55 404 511 1269
724,Vally,Tiptaft,vtiptaftk3@prnewswire.com,Female,+46 411 715 9195
725,Lesli,Benadette,lbenadettek4@e-recht24.de,Female,+54 163 755 8751
726,Tisha,Strank,tstrankk5@hp.com,Female,+84 657 259 1261
727,Atlante,Rudge,arudgek6@aol.com,Female,+86 126 341 5401
728,Newton,Godbehere,ngodbeherek7@youtu.be,Male,+963 120 580 0410
729,Ethe,O'Dowd,eodowdk8@usnews.com,Male,+64 661 363 0986
730,Tani,Hollier,thollierk9@rakuten.co.jp,Female,+63 813 200 6124
731,Paolina,Blakeman,pblakemanka@youku.com,Female,+856 831 852 6069
732,Hattie,Maus,hmauskb@cloudflare.com,Female,+242 709 401 3711
733,Phineas,Jeanneau,pjeanneaukc@acquirethisname.com,Male,+62 477 133 4258
734,Gordan,Pritchard,gpritchardkd@gmpg.org,Male,+54 851 720 2642
735,Paulina,Egan,peganke@ehow.com,Female,+49 941 881 1445
736,Vaclav,Byles,vbyleskf@disqus.com,Male,+63 186 527 5847
737,Demetre,Tuffs,dtuffskg@sina.com.cn,Male,+351 991 768 3479
738,Carlyn,Swindells,cswindellskh@people.com.cn,Female,+62 507 107 3127
739,Barry,Blabey,bblabeyki@epa.gov,Female,+7 589 664 9898
740,Abe,Isakovic,aisakovickj@go.com,Male,+62 637 530 1910
741,Vassili,Carolan,vcarolankk@nifty.com,Male,+420 471 478 1596
742,Marlow,Bracci,mbraccikl@yandex.ru,Male,+232 849 503 0830
743,Alf,Castellone,acastellonekm@sitemeter.com,Male,+63 148 373 9527
744,Dill,Ewen,dewenkn@live.com,Male,+86 513 149 0545
745,Curt,Bowditch,cbowditchko@hostgator.com,Male,+33 346 644 2624
746,Mirabelle,Grundey,mgrundeykp@economist.com,Female,+86 800 498 9799
747,Tabina,Yankov,tyankovkq@phpbb.com,Female,+970 437 907 7813
748,Filippa,Treske,ftreskekr@apache.org,Female,+886 298 322 3035
749,Doris,Alberti,dalbertiks@ca.gov,Female,+86 677 207 7942
750,Theresina,Cadle,tcadlekt@comcast.net,Female,+48 610 786 8166
751,Thatcher,Cameron,tcameronku@nasa.gov,Male,+63 702 135 0377
752,Gerick,Alfuso,galfusokv@e-recht24.de,Male,+86 461 874 6197
753,Bev,Celez,bcelezkw@ifeng.com,Female,+380 253 231 8501
754,Taylor,Lowrance,tlowrancekx@nymag.com,Male,+86 607 743 3017
755,Saundra,Dayes,sdayesky@constantcontact.com,Female,+351 165 383 4808
756,Shae,Wagner,swagnerkz@reference.com,Female,+81 804 705 1460
757,Carolee,Endon,cendonl0@privacy.gov.au,Female,+56 286 517 8691
758,Benita,Stanger,bstangerl1@toplist.cz,Female,+265 136 506 1884
759,Doroteya,McNeilley,dmcneilleyl2@about.com,Female,+1 615 612 4744
760,Maryellen,Toogood,mtoogoodl3@mozilla.org,Female,+86 631 172 0195
761,Reinhard,Valentine,rvalentinel4@woothemes.com,Male,+374 673 415 6350
762,Val,Nunnerley,vnunnerleyl5@businessinsider.com,Female,+266 953 624 2594
763,Eric,Shermore,eshermorel6@biglobe.ne.jp,Male,+63 967 297 4535
764,Delano,Silvermann,dsilvermannl7@apple.com,Male,+86 381 829 1488
765,Berrie,Lillgard,blillgardl8@blogspot.com,Female,+7 601 913 0620
766,Page,Edinburgh,pedinburghl9@squidoo.com,Male,+86 595 137 9183
767,Daile,Kibbee,dkibbeela@facebook.com,Female,+66 840 628 6345
768,Etty,Casaccio,ecasacciolb@state.gov,Female,+234 789 199 0383
769,Jehu,Rosten,jrostenlc@globo.com,Male,+48 724 747 1462
770,Mervin,Hargey,mhargeyld@furl.net,Male,+7 781 636 2892
771,Sauncho,Dosedale,sdosedalele@unicef.org,Male,+977 518 475 9936
772,Wyndham,Windibank,wwindibanklf@so-net.ne.jp,Male,+55 729 599 3381
773,Cash,Cruddas,ccruddaslg@zimbio.com,Male,+62 433 450 4333
774,Lauralee,Dagwell,ldagwelllh@storify.com,Female,+1 621 340 9130
775,Herbert,Hebson,hhebsonli@mayoclinic.com,Male,+30 633 882 3731
776,Hilario,Baniard,hbaniardlj@statcounter.com,Male,+86 737 169 2271
777,Antonius,Strachan,astrachanlk@hud.gov,Male,+7 569 299 8658
778,Kasper,Genicke,kgenickell@topsy.com,Male,+54 668 190 9617
779,Brandtr,Cheyne,bcheynelm@bandcamp.com,Male,+381 283 495 8074
780,Leslie,McSkin,lmcskinln@free.fr,Female,+86 898 413 6698
781,Harald,Gwilt,hgwiltlo@xrea.com,Male,+992 433 999 0814
782,Lazare,Trenholm,ltrenholmlp@independent.co.uk,Male,+63 600 565 1776
783,Frayda,Pasby,fpasbylq@about.me,Female,+63 521 743 3305
784,Sibyl,Braithwait,sbraithwaitlr@ftc.gov,Female,+880 942 499 2822
785,Tybi,Godard,tgodardls@mozilla.com,Female,+48 609 216 2283
786,Nels,Beuscher,nbeuscherlt@ucoz.com,Male,+62 223 402 3722
787,Romona,Woonton,rwoontonlu@senate.gov,Female,+86 811 720 7401
788,Royal,Waberer,rwabererlv@csmonitor.com,Male,+86 680 412 0206
789,Cordy,McGarrity,cmcgarritylw@reverbnation.com,Female,+375 561 962 0681
790,Jill,Gaskamp,jgaskamplx@ted.com,Female,+591 428 225 5931
791,Biron,Kubasiewicz,bkubasiewiczly@goo.ne.jp,Male,+54 846 293 7223
792,Edan,Valasek,evalaseklz@google.com,Male,+48 602 475 6527
793,Sherlocke,Iannini,sianninim0@boston.com,Male,+30 592 460 7158
794,Meggi,Pomfrett,mpomfrettm1@dot.gov,Female,+1 202 949 1121
795,Karalee,Bater,kbaterm2@homestead.com,Female,+63 167 237 3829
796,Lindon,Guesford,lguesfordm3@businessweek.com,Male,+66 232 791 0602
797,Aristotle,Matteo,amatteom4@gizmodo.com,Male,+62 746 287 2661
798,Palm,Stanton,pstantonm5@census.gov,Male,+7 242 307 4231
799,Magdalen,Philp,mphilpm6@epa.gov,Female,+420 375 585 0218
800,Alameda,Eddisford,aeddisfordm7@harvard.edu,Female,+52 388 168 4190
801,Katrina,Skeen,kskeenm8@samsung.com,Female,+86 384 379 7209
802,Analise,Josowitz,ajosowitzm9@printfriendly.com,Female,+7 587 763 8811
803,Robers,Mulligan,rmulliganma@xing.com,Male,+86 571 613 0367
804,Cortney,Pennrington,cpennringtonmb@ft.com,Female,+381 529 917 5491
805,Duane,Seide,dseidemc@berkeley.edu,Male,+7 252 355 4746
806,Fidelio,Mulcock,fmulcockmd@networksolutions.com,Male,+1 795 402 2469
807,Isidore,Paradis,iparadisme@uol.com.br,Male,+48 546 674 3488
808,Mattie,Ughini,mughinimf@godaddy.com,Male,+504 628 463 7424
809,Allyson,Pachmann,apachmannmg@devhub.com,Female,+86 738 190 3260
810,Dorena,Scotford,dscotfordmh@walmart.com,Female,+593 589 500 8493
811,Millard,Trass,mtrassmi@squarespace.com,Male,+86 503 505 0047
812,Jamima,Crilly,jcrillymj@istockphoto.com,Female,+54 554 121 5279
813,Conn,Acosta,cacostamk@issuu.com,Male,+62 200 756 6830
814,Kerwinn,Gavaghan,kgavaghanml@shop-pro.jp,Male,+60 649 555 5167
815,Gwendolin,Bourgourd,gbourgourdmm@tripod.com,Female,+995 386 983 0896
816,Verena,Marages,vmaragesmn@accuweather.com,Female,+48 112 230 8846
817,Gearard,Toohey,gtooheymo@paypal.com,Male,+48 495 897 7412
818,Claresta,Sleigh,csleighmp@gizmodo.com,Female,+380 116 385 0272
819,Lazare,Maclean,lmacleanmq@dedecms.com,Male,+62 443 874 2836
820,Chrystal,Bramley,cbramleymr@archive.org,Female,+62 954 416 0994
821,Ashlee,Bertwistle,abertwistlems@jimdo.com,Female,+62 965 964 4724
822,Charley,Elms,celmsmt@utexas.edu,Male,+351 752 490 2598
823,Briant,Naseby,bnasebymu@google.cn,Male,+86 626 867 1758
824,Janet,Baine,jbainemv@cocolog-nifty.com,Female,+33 540 729 4342
825,Truman,Warham,twarhammw@naver.com,Male,+33 803 690 2560
826,Melisent,Gauden,mgaudenmx@deliciousdays.com,Female,+86 428 592 8963
827,Althea,Aubrey,aaubreymy@nymag.com,Female,+95 543 804 6596
828,Davita,Cutress,dcutressmz@bandcamp.com,Female,+258 487 887 0761
829,Jessalin,Nelius,jneliusn0@twitter.com,Female,+7 483 680 2959
830,Mikkel,Bolsteridge,mbolsteridgen1@dion.ne.jp,Male,+54 491 428 8664
831,Myrlene,Spurdle,mspurdlen2@twitpic.com,Female,+48 171 836 7679
832,Cal,Slack,cslackn3@163.com,Female,+33 953 508 1616
833,Bili,Nanetti,bnanettin4@latimes.com,Female,+7 507 688 1703
834,Niki,Twinborough,ntwinboroughn5@last.fm,Female,+375 329 188 8351
835,Bennett,Keir,bkeirn6@blog.com,Male,+7 999 861 6159
836,Robin,Brunotti,rbrunottin7@webs.com,Female,+380 142 968 9478
837,Ryley,Decaze,rdecazen8@biglobe.ne.jp,Male,+33 521 762 9799
838,Flory,Nickoles,fnickolesn9@wp.com,Male,+30 872 940 8246
839,Virge,Banbury,vbanburyna@elpais.com,Male,+1 909 200 5594
840,Daven,Burnsides,dburnsidesnb@odnoklassniki.ru,Male,+86 757 945 5703
841,Morgen,Corder,mcordernc@alexa.com,Female,+55 492 228 6876
842,Haydon,Mardling,hmardlingnd@wunderground.com,Male,+31 962 264 9615
843,Garek,Riseley,griseleyne@addthis.com,Male,+598 833 603 6165
844,Gusty,Sailer,gsailernf@nyu.edu,Female,+33 774 862 0149
845,Hort,De Micoli,hdemicoling@wordpress.com,Male,+230 375 134 0865
846,Tulley,Butrimovich,tbutrimovichnh@google.de,Male,+591 574 292 0822
847,Abie,Hobbing,ahobbingni@columbia.edu,Male,+380 441 243 3819
848,Joyann,Cowl,jcowlnj@google.com.au,Female,+370 639 645 0393
849,Rick,Brissenden,rbrissendennk@bizjournals.com,Male,+61 852 774 6012
850,Bob,Filipyev,bfilipyevnl@oaic.gov.au,Male,+62 394 340 1928
851,Odella,Greenly,ogreenlynm@tripod.com,Female,+55 242 822 3905
852,Rafaellle,Galer,rgalernn@twitter.com,Male,+62 240 305 8229
853,Read,Ord,rordno@spotify.com,Male,+251 124 172 6032
854,Junia,Gibke,jgibkenp@macromedia.com,Female,+62 988 222 0519
855,Dewain,Karlicek,dkarliceknq@google.com,Male,+359 672 430 5018
856,Mona,Bernade,mbernadenr@bing.com,Female,+81 863 328 7844
857,Kaleena,De Vries,kdevriesns@yellowbook.com,Female,+62 250 126 1674
858,Emeline,MacCleod,emaccleodnt@surveymonkey.com,Female,+7 732 906 8793
859,Duff,MacCaughey,dmaccaugheynu@thetimes.co.uk,Male,+504 652 426 3387
860,Nataline,Kinton,nkintonnv@fema.gov,Female,+381 425 430 3828
861,Fields,Monteath,fmonteathnw@redcross.org,Male,+62 625 178 0013
862,Jennette,Kamiyama,jkamiyamanx@1und1.de,Female,+30 780 248 8002
863,Petronia,Checcucci,pcheccucciny@mac.com,Female,+7 815 757 3977
864,Felice,Cornbill,fcornbillnz@aboutads.info,Male,+234 877 153 7922
865,Aldous,Dennett,adennetto0@usatoday.com,Male,+1 315 711 7452
866,Erasmus,Beaudry,ebeaudryo1@google.fr,Male,+86 333 891 7829
867,Trudy,Roke,trokeo2@instagram.com,Female,+86 986 103 7560
868,Johnath,McLeary,jmclearyo3@go.com,Female,+62 709 858 0255
869,Tiff,Schild,tschildo4@meetup.com,Female,+54 677 215 4609
870,Almire,McRoberts,amcrobertso5@timesonline.co.uk,Female,+84 540 919 8083
871,Gabbey,McGow,gmcgowo6@google.com.hk,Female,+32 995 739 4972
872,Berty,Gates,bgateso7@washington.edu,Male,+51 716 755 4725
873,Cristen,Beedham,cbeedhamo8@desdev.cn,Female,+502 659 536 5834
874,Florenza,Fearns,ffearnso9@mapquest.com,Female,+55 545 701 8598
875,Ave,Georg,ageorgoa@bizjournals.com,Male,+86 583 697 1687
876,Fairleigh,Hince,fhinceob@cbc.ca,Male,+86 553 366 3421
877,Ariel,Brooke,abrookeoc@infoseek.co.jp,Male,+1 214 661 0905
878,Frieda,Barus,fbarusod@bravesites.com,Female,+86 154 715 2203
879,Mohandas,Fender,mfenderoe@sakura.ne.jp,Male,+1 540 732 8067
880,Chad,Learie,clearieof@flavors.me,Female,+86 446 107 4991
881,Conchita,Dibb,cdibbog@shinystat.com,Female,+1 959 183 5495
882,Cornie,Volet,cvoletoh@webnode.com,Female,+55 316 528 6438
883,Olivette,Gateman,ogatemanoi@flavors.me,Female,+33 134 333 7976
884,Valaree,Cotter,vcotteroj@vkontakte.ru,Female,+52 809 181 3802
885,Chrisse,Wanless,cwanlessok@de.vu,Male,+31 413 155 8570
886,Tabina,Kinsell,tkinsellol@upenn.edu,Female,+86 618 823 8338
887,Arvy,Druce,adruceom@washingtonpost.com,Male,+62 787 748 9153
888,Alberik,Linnit,alinniton@si.edu,Male,+86 572 474 2503
889,Broderick,Lisciandro,blisciandrooo@dropbox.com,Male,+963 889 347 5293
890,Law,Clee,lcleeop@mediafire.com,Male,+258 599 506 8524
891,Mattie,Polk,mpolkoq@biglobe.ne.jp,Male,+33 182 666 0038
892,Tallie,Hyslop,thyslopor@ed.gov,Male,+676 157 824 5494
893,Gardie,Warman,gwarmanos@accuweather.com,Male,+66 926 691 8364
894,Kelsey,Shawe,kshaweot@deliciousdays.com,Male,+86 726 388 0303
895,Shane,Concannon,sconcannonou@t.co,Male,+46 401 536 1875
896,Dorolisa,Jemison,djemisonov@merriam-webster.com,Female,+86 854 502 4166
897,West,Pomery,wpomeryow@columbia.edu,Male,+86 472 241 3114
898,Calv,Dreinan,cdreinanox@spotify.com,Male,+1 929 180 1116
899,Miner,Van der Brug,mvanderbrugoy@pcworld.com,Male,+62 596 957 6236
900,Orlan,Germain,ogermainoz@kickstarter.com,Male,+63 949 789 9452
901,Janifer,Danit,jdanitp0@a8.net,Female,+359 114 823 0231
902,Xena,Wickman,xwickmanp1@ibm.com,Female,+46 168 665 6025
903,Nelly,Curado,ncuradop2@biglobe.ne.jp,Female,+46 407 237 6848
904,Hermione,Swinnard,hswinnardp3@virginia.edu,Female,+86 168 762 4017
905,Layla,Greally,lgreallyp4@gmpg.org,Female,+33 426 171 1643
906,Emmeline,Claypole,eclaypolep5@nymag.com,Female,+353 244 363 1878
907,Lianne,McDougal,lmcdougalp6@hhs.gov,Female,+62 825 652 8003
908,Janene,Sloan,jsloanp7@51.la,Female,+86 856 435 4366
909,Sapphira,Grimster,sgrimsterp8@creativecommons.org,Female,+212 779 517 9858
910,Holmes,Sultana,hsultanap9@spotify.com,Male,+7 943 739 0712
911,Shannon,Toope,stoopepa@tripod.com,Male,+86 865 599 4982
912,Natassia,Barbrook,nbarbrookpb@disqus.com,Female,+421 586 124 5699
913,Mabelle,Duberry,mduberrypc@shareasale.com,Female,+66 571 798 6247
914,Killy,Feedham,kfeedhampd@princeton.edu,Male,+52 371 416 9493
915,Annora,Tummond,atummondpe@opera.com,Female,+420 183 871 9344
916,Faythe,Ledwitch,fledwitchpf@timesonline.co.uk,Female,+7 386 789 8677
917,Douglass,Gregolin,dgregolinpg@statcounter.com,Male,+53 344 529 5796
918,Brigitta,Picker,bpickerph@wunderground.com,Female,+62 370 490 4701
919,Melita,Stanmer,mstanmerpi@trellian.com,Female,+98 486 805 8469
920,Portie,Bishop,pbishoppj@ow.ly,Male,+351 891 869 5782
921,Theresina,Lage,tlagepk@trellian.com,Female,+380 385 594 0512
922,Henryetta,Caveau,hcaveaupl@google.co.uk,Female,+1 419 191 1601
923,Nichol,Meeks,nmeekspm@networksolutions.com,Female,+86 628 305 4657
924,Shadow,Bentame,sbentamepn@senate.gov,Male,+66 999 629 4729
925,Cull,Gudyer,cgudyerpo@amazonaws.com,Male,+63 486 454 3946
926,Mannie,Tremolieres,mtremolierespp@goodreads.com,Male,+995 442 896 6006
927,Leo,Danat,ldanatpq@prlog.org,Male,+86 803 559 6028
928,Alic,Pepall,apepallpr@yolasite.com,Male,+90 119 661 5695
929,Norby,Gorries,ngorriesps@slashdot.org,Male,+62 143 198 9887
930,August,Siaskowski,asiaskowskipt@histats.com,Male,+63 980 367 5375
931,Guido,Tamsett,gtamsettpu@friendfeed.com,Male,+55 326 907 2101
932,Miof mela,Goudie,mgoudiepv@ning.com,Female,+998 735 656 7865
933,Mano,Brewis,mbrewispw@nifty.com,Male,+52 563 243 0053
934,Earvin,Polycote,epolycotepx@addthis.com,Male,+7 642 700 4811
935,Hillard,Godfroy,hgodfroypy@columbia.edu,Male,+33 870 594 2881
936,Ciro,Serjeant,cserjeantpz@constantcontact.com,Male,+241 155 585 1370
937,Allison,Bogies,abogiesq0@ezinearticles.com,Female,+63 912 764 6463
938,Marcelo,Morsey,mmorseyq1@arizona.edu,Male,+258 999 382 1418
939,Elke,Annakin,eannakinq2@cisco.com,Female,+62 800 363 1453
940,Jobyna,Corneliussen,jcorneliussenq3@timesonline.co.uk,Female,+86 948 687 6842
941,Rourke,Nutley,rnutleyq4@techcrunch.com,Male,+54 928 927 2645
942,Judie,Crush,jcrushq5@npr.org,Female,+46 718 472 9129
943,Omero,Leyband,oleybandq6@naver.com,Male,+225 380 236 7737
944,Vite,Aldridge,valdridgeq7@cnbc.com,Male,+86 219 296 1934
945,Lodovico,Glaze,lglazeq8@studiopress.com,Male,+7 294 274 5733
946,Cesar,Akram,cakramq9@behance.net,Male,+86 142 422 6873
947,Germana,Giovannacc@i,ggiovannacciqa@webmd.com,Female,+55 929 287 4740
948,Jarret,Risson,jrissonqb@sciencedaily.com,Male,+86 208 606 0846
949,Suzy,Showell,sshowellqc@newsvine.com,Female,+62 376 560 7076
950,Francis,Guitel,fguitelqd@barnesandnoble.com,Male,+86 772 281 7577
951,Penni,Tellenbroker,ptellenbrokerqe@ebay.co.uk,Female,+62 307 266 5833
952,Rhoda,Culkin,rculkinqf@dot.gov,Female,+33 710 157 6853
953,Saraann,Mulqueen,smulqueenqg@simplemachines.org,Female,+269 921 829 9987
954,Davine,Durnan,ddurnanqh@patch.com,Female,+55 714 772 3737
955,Althea,Margrie,amargrieqi@biblegateway.com,Female,+420 342 225 7670
956,Salmon,Neild,sneildqj@google.co.jp,Male,+1 786 219 2447
957,Hew,Fermoy,hfermoyqk@google.ca,Male,+420 252 511 2155
958,Sandor,Jecock,sjecockql@nih.gov,Male,+357 246 837 8630
959,Adore,Ditchett,aditchettqm@cnet.com,Female,+62 848 904 2449
960,Anet,Saban,asabanqn@google.com,Female,+86 803 492 3687
961,Henderson,McGlynn,hmcglynnqo@pcworld.com,Male,+33 292 998 1337
962,Dukie,Brunesco,dbrunescoqp@bluehost.com,Male,+66 610 249 7530
963,Ermina,McCrone,emccroneqq@nifty.com,Female,+62 388 986 1935
964,Tess,Lovett,tlovettqr@liveinternet.ru,Female,+86 264 198 1399
965,Hugh,Renforth,hrenforthqs@moonfruit.com,Male,+86 872 212 4244
966,Valaree,Sterland,vsterlandqt@unicef.org,Female,+86 267 339 9058
967,Adena,Fernandez,afernandezqu@issuu.com,Female,+46 210 572 3797
968,Olimpia,Bachshell,obachshellqv@wikimedia.org,Female,+86 260 824 1923
969,Doyle,Carass,dcarassqw@loc.gov,Male,+27 733 330 2229
970,Abe,Cattach,acattachqx@bing.com,Male,+48 882 197 2411
971,Emmye,Lamburne,elamburneqy@nasa.gov,Female,+48 447 124 6687
972,Desiri,Shovlin,dshovlinqz@umich.edu,Female,+961 625 722 9566
973,Vikki,Sinclar,vsinclarr0@google.com.br,Female,+86 112 355 6382
974,Ikey,Frisch,ifrischr1@miitbeian.gov.cn,Male,+242 121 355 0574
975,Antonina,Stivani,astivanir2@skyrock.com,Female,+62 562 243 5619
976,Oswald,Bonhomme,obonhommer3@economist.com,Male,+7 516 865 4778
977,Tynan,Gowdy,tgowdyr4@squidoo.com,Male,+63 163 886 2726
978,Den,Beaman,dbeamanr5@reddit.com,Male,+351 524 803 4287
979,Pincus,Lauderdale,plauderdaler6@squarespace.com,Male,+55 305 993 1983
980,Anett,Peachman,apeachmanr7@gmpg.org,Female,+86 706 760 1754
981,Dru,Peinke,dpeinker8@stumbleupon.com,Female,+48 637 710 0517
982,Robb,Bonnick,rbonnickr9@japanpost.jp,Male,+54 448 617 7628
983,Justus,Georgievski,jgeorgievskira@1688.com,Male,+244 841 247 7183
984,Harley,Iacopini,hiacopinirb@intel.com,Male,+86 634 554 1051
985,Mellisent,Jouanot,mjouanotrc@arstechnica.com,Female,+66 528 672 7289
986,Mata,Vigus,mvigusrd@webnode.com,Male,+358 880 231 2350
987,Ephrem,Ysson,eyssonre@youtube.com,Male,+55 534 631 7342
988,Dorothee,Fender,dfenderrf@princeton.edu,Female,+212 972 639 1327
989,Ermentrude,MacVanamy,emacvanamyrg@mashable.com,Female,+55 107 739 6764
990,Nannette,Endle,nendlerh@telegraph.co.uk,Female,+84 127 295 5947
991,Yovonnda,Allonby,yallonbyri@multiply.com,Female,+55 588 112 8635
992,Jacques,Ledson,jledsonrj@taobao.com,Male,+46 842 861 4706
993,Maribel,Annetts,mannettsrk@reference.com,Female,+93 754 599 7761
994,Jolie,Hegg,jheggrl@boston.com,Female,+234 900 609 7513
995,Markus,De La Haye,mdelahayerm@lycos.com,Male,+86 252 243 8097
996,Zeb,Redferne,zredfernern@woothemes.com,Male,+33 495 939 5055
997,Buiron,Woolmer,bwoolmerro@linkedin.com,Male,+62 460 539 9047
998,Corrinne,Spada,cspadarp@newsvine.com,Female,+93 386 308 2582
999,Sylvan,Fishbourne,sfishbournerq@ftc.gov,Male,+54 926 168 9678
1000,Antin,Allenby,aallenbyrr@nifty.com,Male,+7 542 969 8315
